,seeds,train_r2,val_r2,auc
0,6.0,0.8622205409795677,0.2961549501343588,0.7496158201229376
mean,6.0,0.8622205409795677,0.2961549501343588,0.7496158201229376
